{"stats":{"minecraft:killed_by":{"minecraft:spider":1,"minecraft:skeleton":2,"minecraft:zombie":1},"minecraft:broken":{"minecraft:stone_pickaxe":1,"minecraft:iron_pickaxe":1},"minecraft:mined":{"minecraft:dark_oak_planks":14,"minecraft:waxed_cut_copper_slab":1,"railcraft:nickel_ore":3,"minecraft:tuff":23,"minecraft:spruce_planks":5,"minecraft:oak_sapling":1,"xycraft_world:xychorium_ore_stone_red":6,"aethersteel:suspicious_deepslate":3,"xycraft_world:xychorium_ore_stone_blue":12,"minecraft:glow_lichen":2,"minecraft:cave_vines_plant":2,"minecraft:granite":11,"minecraft:grass_block":19,"minecraft:spruce_fence":1,"minecraft:jungle_planks":2,"railcraft:sulfur_ore":1,"botania:black_double_flower":1,"minecraft:spruce_leaves":14,"ars_nouveau:sourceberry_bush":12,"minecraft:red_mushroom":1,"minecraft:spawner":3,"minecraft:hay_block":46,"minecraft:spruce_sapling":2,"minecraft:dark_oak_trapdoor":2,"minecraft:iron_ore":18,"minecraft:cobbled_deepslate":1,"productivebees:amber":3,"cyclic:flower_cyan":1,"minecraft:bookshelf":2,"minecraft:cave_vines":6,"minecraft:deepslate_iron_ore":12,"minecraft:lantern":1,"xycraft_world:aluminum_ore_stone":1,"minecraft:stone":355,"xycraft_world:xychorium_ore_stone_light":8,"minecraft:spruce_slab":2,"minecraft:waxed_cut_copper_stairs":12,"cyclic:flower_lime_carnation":1,"cyclic:flower_absalon_tulip":1,"minecraft:brown_mushroom":5,"minecraft:polished_deepslate_stairs":1,"minecraft:soul_lantern":1,"thermal:apatite_ore":5,"minecraft:clay":4,"minecraft:torch":3,"minecraft:oak_wood":2,"minecraft:calcite":15,"mekanism:tin_ore":3,"minecraft:campfire":1,"minecraft:copper_ore":11,"minecraft:cobblestone":9,"minecraft:deepslate_gold_ore":16,"minecraft:oak_planks":10,"minecraft:sugar_cane":1,"minecraft:diorite":5,"minecraft:wall_torch":2,"minecraft:spruce_stairs":3,"minecraft:purple_bed":1,"forbidden_arcanus:xpetrified_ore":1,"minecraft:spruce_log":56,"minecraft:coal_ore":13,"growthcraft:salt_ore":2,"minecraft:oak_log":12,"minecraft:cyan_carpet":9,"mekanism:deepslate_fluorite_ore":18,"minecraft:dirt":34,"minecraft:gray_carpet":21,"mekanism:deepslate_uranium_ore":1,"minecraft:stone_bricks":13,"minecraft:polished_deepslate_wall":1,"minecraft:oak_leaves":1,"minecraft:deepslate":101,"minecraft:fern":1},"minecraft:dropped":{"minecraft:bread":6,"minecraft:iron_helmet":1,"minecraft:book":1,"minecraft:spruce_door":1,"minecraft:golden_apple":1,"minecraft:torch":42,"minecraft:potion":1,"minecraft:iron_leggings":1,"minecraft:iron_pickaxe":1,"minecraft:dark_oak_planks":6,"minecraft:polished_deepslate_wall":1,"minecraft:spruce_sapling":2,"minecraft:gold_ingot":1,"minecraft:wheat":173,"minecraft:rotten_flesh":8,"minecraft:spruce_fence":1,"minecraft:chainmail_chestplate":1,"minecraft:hay_block":50,"forbidden_arcanus:zombie_arm":2,"minecraft:trident":1,"aether:chainmail_gloves":1},"minecraft:crafted":{"minecraft:oak_planks":52,"minecraft:stone_shovel":1,"minecraft:furnace":3,"minecraft:stone":4,"minecraft:spruce_stairs":16,"minecraft:iron_boots":1,"minecraft:chest":6,"minecraft:oak_fence":9,"minecraft:wheat":302,"tinycoal:tinycharcoal":8,"minecraft:crafting_table":5,"minecraft:spruce_planks":192,"minecraft:wooden_pickaxe":1,"minecraft:baked_potato":1,"minecraft:spruce_door":6,"minecraft:smithing_table":1,"minecraft:campfire":1,"minecraft:stone_axe":1,"minecraft:bread":108,"minecraft:air":0,"rats:cooked_rat":6,"minecraft:spruce_trapdoor":2,"minecraft:charcoal":12,"minecraft:golden_apple":2,"minecraft:shield":1,"minecraft:stick":48,"minecraft:iron_ingot":31,"minecraft:iron_pickaxe":3,"minecraft:wooden_axe":1,"minecraft:oak_stairs":4,"minecraft:stone_sword":1,"minecraft:iron_leggings":2,"minecraft:gold_ingot":7,"minecraft:torch":44,"minecraft:trident":2},"minecraft:custom":{"minecraft:interact_with_smithing_table":8,"lootr:looted_stat":25,"minecraft:mob_kills":39,"minecraft:interact_with_crafting_table":43,"minecraft:bell_ring":76,"minecraft:damage_dealt_resisted":0,"minecraft:leave_game":3,"minecraft:time_since_death":84643,"minecraft:climb_one_cm":25715,"minecraft:sprint_one_cm":436490,"minecraft:walk_one_cm":901606,"minecraft:damage_blocked_by_shield":570,"minecraft:drop":38,"minecraft:talked_to_villager":3,"minecraft:play_time":276196,"minecraft:deaths":4,"minecraft:sneak_time":2391,"minecraft:walk_under_water_one_cm":14517,"minecraft:jump":1987,"minecraft:interact_with_blast_furnace":2,"minecraft:walk_on_water_one_cm":17002,"minecraft:total_world_time":276196,"minecraft:interact_with_furnace":35,"minecraft:interact_with_cartography_table":1,"minecraft:interact_with_loom":1,"minecraft:time_since_rest":84927,"minecraft:damage_taken":4008,"minecraft:damage_dealt":5635,"minecraft:swim_one_cm":472,"minecraft:fly_one_cm":105891,"minecraft:open_chest":132,"minecraft:crouch_one_cm":8477,"minecraft:fall_one_cm":46506},"minecraft:picked_up":{"minecraft:charcoal":2,"minecraft:iron_chestplate":2,"minecraft:wheat":136,"minecraft:clay_ball":16,"mekanism:raw_uranium":1,"minecraft:brown_mushroom":4,"rats:rat_paw":1,"minecraft:shield":1,"minecraft:polished_deepslate_wall":1,"forbidden_arcanus:xpetrified_orb":1,"minecraft:raw_copper":40,"minecraft:iron_leggings":1,"minecraft:cyan_carpet":4,"cyclic:flower_lime_carnation":1,"minecraft:cobbled_deepslate":104,"minecraft:spruce_planks":5,"minecraft:spruce_slab":2,"minecraft:iron_pickaxe":1,"minecraft:sugar_cane":2,"minecraft:iron_boots":1,"minecraft:raw_iron":31,"minecraft:stick":19,"apotheosis:gem":6,"rats:rat_skull":1,"cyclic:copper_sword":1,"minecraft:torch":45,"minecraft:spruce_stairs":3,"minecraft:spruce_fence":1,"minecraft:diorite":6,"minecraft:trident":2,"minecraft:carrot":31,"productivebees:amber":3,"mekanism:raw_tin":4,"minecraft:dark_oak_planks":10,"thermal:apatite":30,"rats:pied_wool":3,"minecraft:arrow":54,"minecraft:rotten_flesh":18,"xycraft_world:xychorium_gem_blue":25,"minecraft:tropical_fish":2,"minecraft:pumpkin_pie":5,"aether:chainmail_gloves":2,"growthcraft:salt":2,"minecraft:hay_block":87,"minecraft:glistering_melon_slice":16,"ars_nouveau:sourceberry_bush":62,"supplementaries:ash":1,"minecraft:glow_berries":5,"minecraft:snowball":24,"minecraft:white_wool":1,"minecraft:cobblestone":397,"minecraft:feather":1,"forbidden_arcanus:zombie_arm":2,"minecraft:red_mushroom":1,"minecraft:potato":1,"minecraft:tuff":23,"growthcraft_cellar:yeast_lager":4,"minecraft:oak_log":11,"minecraft:chainmail_chestplate":1,"rats:rat_pelt":3,"rats:raw_rat":5,"minecraft:dirt":93,"minecraft:lantern":1,"botania:light_blue_mystical_flower":1,"minecraft:name_tag":1,"bhc:red_heart":4,"minecraft:bone":7,"minecraft:apple":81,"minecraft:stone_bricks":13,"minecraft:raw_gold":16,"minecraft:iron_ingot":19,"minecraft:stone_pickaxe":1,"rechiseled:chisel":1,"minecraft:oak_planks":10,"minecraft:book":6,"xycraft_world:xychorium_gem_red":14,"minecraft:jungle_planks":2,"cyclic:flower_absalon_tulip":1,"minecraft:spruce_sapling":25,"thermal:blizz_rod":2,"minecraft:spruce_log":68,"forbidden_arcanus:ender_pearl_fragment":2,"minecraft:oak_wood":2,"xycraft_world:xychorium_gem_light":16,"minecraft:soul_lantern":1,"railcraft:nickel_raw":3,"minecraft:iron_helmet":1,"mekanism:fluorite_gem":55,"minecraft:granite":11,"minecraft:golden_apple":1,"minecraft:oak_sapling":8,"minecraft:coal":13},"minecraft:killed":{"thermal:blizz":3,"minecraft:skeleton":14,"rats:pied_piper":1,"minecraft:skeleton_horse":1,"minecraft:creeper":1,"rats:rat":5,"minecraft:sheep":1,"minecraft:zombie":10,"minecraft:enderman":1},"minecraft:used":{"minecraft:oak_fence":9,"minecraft:trident":62,"minecraft:stone_sword":43,"minecraft:spruce_slab":1,"minecraft:stone_shovel":8,"minecraft:chest":6,"minecraft:spruce_planks":75,"minecraft:shield":16,"minecraft:iron_chestplate":1,"minecraft:torch":51,"minecraft:dirt":48,"productivebees:amber":1,"minecraft:spruce_stairs":17,"minecraft:tuff":10,"minecraft:dark_oak_planks":4,"minecraft:wooden_axe":6,"minecraft:oak_stairs":4,"minecraft:bow":13,"rats:cooked_rat":6,"ars_nouveau:sourceberry_bush":72,"minecraft:furnace":3,"minecraft:oak_sapling":8,"minecraft:cobbled_deepslate":73,"minecraft:iron_leggings":1,"minecraft:spruce_door":3,"minecraft:stone_pickaxe":132,"minecraft:baked_potato":1,"minecraft:oak_planks":6,"minecraft:glow_berries":13,"minecraft:crafting_table":5,"minecraft:mushroom_stew":1,"minecraft:campfire":1,"cyclic:copper_sword":86,"minecraft:bread":40,"minecraft:iron_pickaxe":661,"minecraft:spruce_trapdoor":2,"minecraft:spruce_sapling":11,"minecraft:stone_axe":100,"minecraft:cobblestone":96,"minecraft:potion":3,"minecraft:smithing_table":1}},"DataVersion":3465}