{"stats":{"minecraft:killed_by":{"minecraft:enderman":1},"minecraft:broken":{"minecraft:iron_pickaxe":5,"cyclic:copper_pickaxe":4,"minecraft:stone_pickaxe":4,"constructionwand:iron_wand":2,"justhammers:iron_hammer":20},"minecraft:mined":{"minecraft:dark_oak_planks":1,"railcraft:nickel_ore":33,"thermal:cinnabar_ore":1,"minecraft:jungle_leaves":2,"cataclysm:stone_tiles":23,"minecraft:obsidian":8,"minecraft:granite":461,"rechiseled:cobblestone_large_squares":2,"railcraft:sulfur_ore":82,"productivebees:slimy_nest":6,"mekanism:purification_chamber":4,"minecraft:deepslate_tile_stairs":28,"minecraft:spawner":2,"deepresonance:resonating_ore_deepslate":1,"rechiseled:netherrack_brick_pattern_connecting":36,"xycraft_world:xychorium_ore_stone_green":8,"xycraft_world:kivi_tiles":3,"minecraft:magma_block":432,"minecraft:barrel":3,"minecraft:cobbled_deepslate":2,"minecraft:fire":1,"bigreactors:yellorite_ore":26,"minecraft:pumpkin":4,"minecraft:deepslate_lapis_ore":12,"rechiseled:cobblestone_pulverized_connecting":27,"mekanism:basic_logistical_transporter":13,"minecraft:stripped_mangrove_wood":1,"xycraft_world:xychorium_ore_stone_light":1,"ae2:large_quartz_bud":1,"botania:green_mystical_flower":2,"mekanism:osmium_ore":21,"rechiseled:dirt_blobs":9,"rechiseled:dirt_squares":9,"create:small_granite_bricks":1,"minecraft:crimson_nylium":1,"mekanism:enrichment_chamber":9,"deepresonance:resonating_ore_stone":1,"minecraft:deepslate_tile_slab":2,"xycraft_world:copper_torch_wall":9,"minecraft:torch":26,"minecraft:dark_oak_wood":2,"mekanism:tin_ore":55,"xycraft_world:xychorium_ore_kivi_blue":2,"create:small_deepslate_brick_stairs":12,"minecraft:sugar_cane":9,"minecraft:spruce_sign":1,"rftoolsbase:dimensionalshard_overworld":3,"forbidden_arcanus:darkstone":652,"ae2:flawed_budding_quartz":2,"minecraft:grass":11,"thermal:niter_ore":2,"mekanism:lead_ore":4,"mekanismgenerators:reactor_glass":1,"minecraft:stonecutter":1,"minecraft:deepslate":1863,"rechiseled:stone_slated":17,"supplementaries:clock_block":1,"create:zinc_ore":61,"minecraft:dark_prismarine":4,"minecraft:deepslate_tiles":153,"rechiseled:dirt_blobs_connecting":9,"minecraft:mossy_cobblestone":9,"minecraft:nether_brick_wall":1,"xycraft_world:xychorium_ore_stone_red":2,"mekanismgenerators:solar_generator":3,"cyclic:anvil_magma":2,"xycraft_world:xychorium_ore_stone_blue":18,"mekanismgenerators:heat_generator":8,"minecraft:nether_bricks":5,"mekanism:basic_chemical_tank":1,"minecraft:redstone_wire":13,"occultism:silver_ore_deepslate":13,"rechiseled:cobbled_deepslate_paving":3,"minecraft:redstone_ore":1,"cyclic:trash":4,"minecraft:snow":11,"rechiseled:cobblestone_dented_connecting":13,"minecraft:andesite":325,"rechiseled:cobblestone_dented":4,"minecraft:vine":1,"minecraft:warped_stem":1,"mekanism:chemical_crystallizer":2,"rechiseled:dirt_squares_connecting":9,"mekanism:basic_pressurized_tube":10,"supplementaries:wall_lantern":2,"minecraft:smithing_table":1,"create:cut_deepslate_bricks":6,"sophisticatedstorage:limited_barrel_4":3,"mekanism:crusher":8,"xycraft_world:kivi":385,"mekanism:basic_energy_cube":23,"minecraft:dandelion":1,"rechiseled:stone_chiseled_bricks_connecting":9,"rftoolsbase:dimensionalshard_nether":12,"minecraft:warped_roots":2,"minecraft:copper_ore":72,"minecraft:deepslate_gold_ore":51,"rechiseled:cobblestone_brick_pattern_connecting":7,"minecraft:diorite":343,"ae2:flawless_budding_quartz":2,"rechiseled:cobblestone_rotated_bricks":1,"minecraft:spruce_log":281,"minecraft:gravel":334,"mekanism:deepslate_fluorite_ore":20,"mekanism:deepslate_uranium_ore":3,"minecraft:stone_bricks":3,"mekanism:electric_pump":8,"minecraft:gold_ore":3,"minecraft:infested_stone":4,"minecraft:fern":3,"create:deepslate_zinc_ore":17,"minecraft:spruce_planks":11,"rechiseled:stone_waves":11,"mekanism:energized_smelter":1,"mekanism:electrolytic_separator":9,"rechiseled:cobblestone_tiles_connecting":22,"mekanism:chemical_infuser":4,"minecraft:grass_block":683,"mekanism:rotary_condensentrator":1,"mekanism:osmium_compressor":1,"ars_nouveau:sourceberry_bush":1,"cyclic:gold_lantern":4,"cyclic:crusher":7,"minecraft:iron_ore":116,"minecraft:dark_oak_stairs":1,"bigreactors:benitoite_ore":1,"cyclic:melter":2,"xycraft_world:smooth_kivi":53,"mekanism:thermal_evaporation_valve":2,"xycraft_world:aluminum_ore_stone":10,"occultism:silver_ore":3,"minecraft:spruce_slab":1,"minecraft:deepslate_redstone_ore":111,"rechiseled:stone_rotated_bricks_connecting":68,"minecraft:blackstone":18,"minecraft:clay":45,"minecraft:calcite":22,"minecraft:poppy":2,"minecraft:chest":2,"minecraft:nether_quartz_ore":118,"forbidden_arcanus:polished_darkstone_stairs":6,"minecraft:cobblestone":99,"cataclysm:stone_tile_slab":8,"minecraft:wall_torch":38,"minecraft:seagrass":1,"productivebees:spruce_wood_nest":1,"minecraft:warped_nylium":5,"mekanismgenerators:advanced_solar_generator":2,"railcraft:deepslate_nickel_ore":9,"rechiseled:cobblestone_chiseled_border_connecting":10,"minecraft:cracked_deepslate_tiles":2,"ae2:quartz_block":3,"growthcraft:salt_ore":12,"minecraft:oak_log":7,"mekanism:chemical_oxidizer":4,"minecraft:dirt":889,"minecraft:sand":44,"mekanism:basic_universal_cable":12,"minecraft:netherrack":1303,"minecraft:oak_leaves":5,"ae2:chipped_budding_quartz":2,"minecraft:nether_gold_ore":8,"rechiseled:dirt_cobbled":9,"minecraft:tuff":42,"minecraft:deepslate_diamond_ore":30,"mekanism:basic_mechanical_pipe":21,"create:cut_deepslate_brick_wall":1,"aethersteel:suspicious_deepslate":10,"torchmaster:megatorch":1,"mekanism:deepslate_osmium_ore":5,"cataclysm:stone_tile_wall":9,"cataclysm:chiseled_stone_brick_pillar":1,"minecraft:spruce_leaves":152,"minecraft:large_fern":3,"rechiseled:mossy_cobblestone_inverted_dented":69,"minecraft:furnace":7,"create:scorchia":3,"rechiseled:mossy_cobblestone_beams_connecting":1,"mekanism:thermal_evaporation_controller":1,"minecraft:chiseled_deepslate":3,"mekanism:basic_fluid_tank":2,"minecraft:bookshelf":5,"minecraft:deepslate_iron_ore":49,"mekanismgenerators:turbine_casing":1,"productivebees:sugar_cane_nest":1,"xycraft_world:kivi_bricks":2,"minecraft:stone":6146,"rechiseled:cobbled_deepslate_paving_connecting":2,"create:small_deepslate_bricks":3,"mekanism:deepslate_lead_ore":9,"mekanism:thermal_evaporation_block":6,"thermal:apatite_ore":16,"minecraft:crafting_table":7,"xycraft_world:copper_torch":5,"xycraft_world:xychorium_ore_stone_dark":8,"minecraft:lapis_ore":14,"mekanism:metallurgic_infuser":9,"minecraft:blue_bed":2,"minecraft:air":5,"supplementaries:urn":2,"cookingforblockheads:sink":5,"forbidden_arcanus:xpetrified_ore":1,"ae2:medium_quartz_bud":2,"rechiseled:andesite_squares_connecting":1,"elevatorid:elevator_white":4,"minecraft:coal_ore":256,"minecraft:cyan_carpet":1},"minecraft:dropped":{"minecraft:diamond":6,"minecraft:warped_roots":2,"mekanism:basic_control_circuit":3,"minecraft:dirt":89,"rechiseled:stone_slated":28,"minecraft:bone":51,"mekanism:tin_ore":1,"minecraft:stone_axe":1,"minecraft:iron_nugget":12,"minecraft:cobbled_deepslate":72,"cyclic:flower_absalon_tulip":1,"minecraft:wheat":28,"mekanism:substrate":1,"minecraft:rotten_flesh":5,"growthcraft_cellar:yeast_lager":2,"mekanism:alloy_infused":14,"minecraft:deepslate_tiles":49,"minecraft:leather_boots":2,"minecraft:spruce_slab":3,"minecraft:iron_ingot":16,"xycraft_world:xychorium_gem_green":2,"create:cut_deepslate_brick_wall":21,"minecraft:feather":3,"minecraft:cobblestone":1438,"rechiseled:mossy_cobblestone_inverted_dented":24,"minecraft:apple":30,"minecraft:deepslate_tile_slab":46,"minecraft:chainmail_helmet":2,"minecraft:potion":2,"minecraft:chainmail_leggings":1,"minecraft:lily_pad":1,"create:raw_zinc":1,"minecraft:spruce_sapling":12,"minecraft:stone_sword":1,"sushigocrafting:cucumber_seeds":1,"minecraft:bowl":5,"minecraft:iron_boots":1,"minecraft:hay_block":2,"minecraft:stone":261,"minecraft:spruce_planks":15,"minecraft:bamboo":10,"mekanism:jetpack":1,"minecraft:oak_log":1,"minecraft:pumpkin_pie":10,"mekanism:basic_logistical_transporter":1,"minecraft:glistering_melon_slice":16,"thermal:green_bean_seeds":1,"rechiseled:cobblestone_large_squares":2,"minecraft:armor_stand":2,"rechiseled:mossy_cobblestone_beams_connecting":16,"minecraft:soul_lantern":1,"rechiseled:stone_rotated_bricks_connecting":47,"minecraft:beetroot":36,"minecraft:carrot":31,"minecraft:gunpowder":1,"create:zinc_ore":1,"rechiseled:chisel":1,"minecraft:arrow":38,"minecraft:netherrack":306,"minecraft:bread":29,"minecraft:mossy_cobblestone":82,"railcraft:nickel_raw":9,"minecraft:grass_block":108,"occultism:silver_ore":1,"minecraft:torch":18,"mekanism:raw_osmium":1,"minecraft:iron_axe":1,"mekanism:alloy_reinforced":8,"cyclic:copper_sword":1,"minecraft:glass_pane":3,"minecraft:snow":7,"minecraft:andesite":5,"minecraft:iron_chestplate":1,"mekanism:basic_pressurized_tube":1,"minecraft:golden_leggings":1,"minecraft:spruce_log":8,"minecraft:stone_pickaxe":1,"minecraft:wooden_pickaxe":1},"minecraft:custom":{"minecraft:interact_with_crafting_table":333,"minecraft:open_barrel":359,"minecraft:leave_game":16,"minecraft:time_since_death":1294396,"minecraft:damage_blocked_by_shield":510,"minecraft:play_time":3625266,"minecraft:deaths":1,"minecraft:jump":2283,"minecraft:interact_with_furnace":338,"minecraft:traded_with_villager":6,"minecraft:interact_with_cartography_table":1,"minecraft:sleep_in_bed":20,"minecraft:damage_dealt":29823,"minecraft:interact_with_smithing_table":8,"minecraft:interact_with_anvil":1,"minecraft:damage_dealt_absorbed":80,"minecraft:sneak_time":39631,"minecraft:total_world_time":3625266,"minecraft:interact_with_stonecutter":44,"minecraft:time_since_rest":207254,"minecraft:use_wand":2061,"minecraft:swim_one_cm":16196,"minecraft:fly_one_cm":514986,"minecraft:open_chest":852,"minecraft:fall_one_cm":157101,"lootr:looted_stat":29,"minecraft:damage_resisted":15,"minecraft:sprint_one_cm":1122156,"minecraft:drop":179,"minecraft:talked_to_villager":29,"minecraft:walk_on_water_one_cm":88364,"minecraft:crouch_one_cm":84872,"minecraft:mob_kills":246,"minecraft:damage_dealt_resisted":348,"minecraft:climb_one_cm":37682,"minecraft:walk_one_cm":14169042,"minecraft:walk_under_water_one_cm":58470,"minecraft:interact_with_grindstone":3,"minecraft:damage_taken":8028},"minecraft:crafted":{"cyclic:copper_pickaxe":6,"mekanismgenerators:solar_generator":28,"mekanism:digital_miner":1,"mekanism:configurator":1,"mekanism:ingot_osmium":47,"minecraft:blaze_powder":2,"mekanism:electrolytic_separator":3,"mekanism:advanced_energy_cube":1,"mekanism:logistical_sorter":2,"sophisticatedbackpacks:crafting_upgrade":1,"mekanismgenerators:heat_generator":4,"minecraft:nether_brick":128,"patchouli:guide_book":1,"mekanismgenerators:turbine_valve":2,"minecraft:iron_bars":48,"mekanism:basic_enriching_factory":2,"mekanism:chemical_washer":1,"minecraft:glass":65,"minecraft:quartz_block":16,"mininggadgets:upgrade_efficiency_5":1,"mekanism:thermal_evaporation_controller":2,"mekanism:pressure_disperser":6,"mekanism:chemical_dissolution_chamber":1,"thermal:steel_ingot":44,"mininggadgets:upgrade_efficiency_2":1,"mekanism:rotary_condensentrator":3,"mekanism:energy_tablet":43,"torchmaster:megatorch":2,"mekanism:elite_chemical_tank":3,"tinycoal:tinycoal":120,"minecraft:emerald":4,"irons_spellbooks:copper_spell_book":1,"mekanism:chemical_injection_chamber":1,"minecraft:clock":1,"cyclic:detector_moon":1,"minecraft:copper_ingot":102,"mekanism:advanced_thermodynamic_conductor":16,"minecraft:hay_block":1,"mekanism:teleportation_core":2,"mininggadgets:upgrade_efficiency_3":1,"mininggadgets:upgrade_efficiency_4":1,"mekanism:advanced_smelting_factory":1,"mininggadgets:modificationtable":1,"minecraft:stone_slab":6,"cyclic:flint_block":3,"minecraft:iron_pickaxe":4,"minecraft:iron_block":2,"minecraft:gold_ingot":38,"mekanism:osmium_compressor":1,"mekanism:advanced_chemical_tank":7,"minecraft:fire_charge":3,"mekanism:thermal_evaporation_valve":6,"mekanismgenerators:turbine_rotor":5,"mekanism:basic_logistical_transporter":24,"mekanism:advanced_universal_cable":56,"sophisticatedbackpacks:deposit_upgrade":1,"minecraft:iron_nugget":9,"sophisticatedstorage:advanced_compacting_upgrade":1,"mininggadgets:mininggadget_simple":1,"mekanism:basic_chemical_tank":36,"mekanism:advanced_purifying_factory":1,"mininggadgets:upgrade_size_1":1,"cyclic:anvil_magma":1,"mekanism:basic_pressurized_tube":24,"mekanism:robit":1,"minecraft:terracotta":5,"mekanism:advanced_injecting_factory":1,"sophisticatedstorage:upgrade_base":1,"minecraft:spruce_slab":180,"minecraft:ender_pearl":1,"minecraft:stone_pickaxe":6,"mekanism:electric_pump":2,"farmersdelight:rice":1,"minecraft:redstone_block":26,"mekanismgenerators:saturating_condenser":8,"mekanism:basic_purifying_factory":1,"constructionwand:diamond_wand":1,"mekanism:ultimate_energy_cube":1,"minecraft:daylight_detector":3,"mekanismgenerators:turbine_vent":12,"thermal:bronze_ingot":4,"mekanism:dynamic_tank":8,"thermal:steel_block":1,"mekanism:ultimate_control_circuit":6,"ae2:smooth_sky_stone_block":8,"sophisticatedbackpacks:gold_backpack":1,"cyclic:trash":1,"comforts:sleeping_bag_light_gray":1,"rats:cooked_rat":4,"mekanismgenerators:turbine_blade":10,"xycraft_world:copper_torch":252,"minecraft:gunpowder":4,"mininggadgets:upgrade_fortune_2":1,"minecraft:iron_shovel":1,"mekanismgenerators:rotational_complex":1,"minecraft:deepslate_tile_stairs":2,"mekanism:advanced_mechanical_pipe":16,"mekanism:basic_mechanical_pipe":72,"mekanismgenerators:reactor_glass":68,"minecraft:grindstone":1,"minecraft:oak_planks":4,"minecraft:barrel":11,"mekanism:electrolytic_core":4,"mekanismgenerators:gas_burning_generator":1,"mekanism:advanced_enriching_factory":2,"sophisticatedstorage:barrel":8,"minecraft:stone":8,"mekanismgenerators:turbine_casing":100,"cyclic:melter":1,"mekanism:elite_energy_cube":1,"cyclic:crusher":2,"create:copper_nugget":18,"minecraft:iron_boots":1,"mekanismgenerators:fission_reactor_casing":76,"justhammers:diamond_hammer":1,"enderio:primitive_alloy_smelter":1,"minecraft:chest":29,"minecraft:copper_block":2,"cyclic:copper_sword":2,"mekanism:basic_fluid_tank":7,"mekanism:elite_control_circuit":10,"mekanism:advanced_crushing_factory":1,"mekanism:advanced_logistical_transporter":8,"sophisticatedbackpacks:backpack":1,"mekanismgenerators:fission_reactor_port":4,"mekanism:chemical_infuser":4,"minecraft:crafting_table":12,"mekanism:basic_injecting_factory":1,"ae2:sky_stone_wall":6,"minecraft:spruce_planks":556,"minecraft:wooden_pickaxe":1,"constructionwand:iron_wand":3,"cyclic:copper_axe":1,"minecraft:gold_block":6,"mekanism:purification_chamber":2,"mekanism:thermal_evaporation_block":88,"sophisticatedbackpacks:upgrade_base":2,"rechiseled:chisel":2,"minecraft:iron_chestplate":2,"cyclic:charm_wing":1,"minecraft:charcoal":25,"minecraft:diamond_pickaxe":1,"mekanism:steel_casing":46,"cyclic:fireball":1,"minecraft:stick":216,"mekanism:crusher":1,"sophisticatedstorage:limited_barrel_4":28,"minecraft:iron_ingot":104,"minecraft:stone_sword":1,"mekanism:resistive_heater":1,"minecraft:redstone_torch":42,"mekanismgenerators:electromagnetic_coil":4,"mekanism:basic_crushing_factory":1,"minecraft:shears":1,"mekanism:basic_universal_cable":152,"computercraft:turtle_advanced":1,"mininggadgets:upgrade_silk":1,"enderio:fluid_conduit":8,"mekanism:pressurized_reaction_chamber":4,"mekanism:energized_smelter":1,"minecraft:furnace":27,"minecraft:piston":7,"mekanism:basic_smelting_factory":1,"mekanism:jetpack_armored":1,"mekanism:jetpack":1,"minecraft:diamond_block":1,"mekanism:chemical_oxidizer":1,"minecraft:glass_pane":112,"minecraft:flint_and_steel":1,"mekanism:elite_thermodynamic_conductor":16,"minecraft:iron_axe":1,"mininggadgets:upgrade_fortune_3":1,"mekanismgenerators:advanced_solar_generator":9,"mekanism:personal_chest":2,"cyclic:compressed_cobblestone":83,"minecraft:observer":2,"sophisticatedbackpacks:iron_backpack":1,"tinycoal:tinycharcoal":144,"elevatorid:elevator_white":5,"minecraft:spruce_sign":3,"mekanism:metallurgic_infuser":3,"mininggadgets:upgrade_efficiency_1":1,"minecraft:iron_sword":1,"minecraft:nether_bricks":32,"mekanism:basic_infusing_factory":1,"sophisticatedstorage:basic_to_iron_tier_upgrade":2,"sophisticatedstorage:compacting_upgrade":1,"mekanism:upgrade_muffling":55,"minecraft:bucket":26,"mekanism:chemical_crystallizer":1,"mekanismgenerators:fission_fuel_assembly":5,"minecraft:stone_axe":1,"minecraft:air":0,"mekanism:basic_thermodynamic_conductor":16,"mekanism:upgrade_speed":10,"justhammers:iron_hammer":21,"mekanism:basic_energy_cube":3,"mininggadgets:upgrade_empty":7,"mekanism:enrichment_chamber":8,"mekanism:upgrade_energy":37,"mininggadgets:upgrade_fortune_1":1,"mekanism:advanced_control_circuit":40,"minecraft:stonecutter":5,"mekanism:ultimate_thermodynamic_conductor":16,"supplementaries:clock_block":1,"minecraft:torch":260,"cookingforblockheads:sink":5,"minecraft:clay":28,"minecraft:lapis_block":18,"mekanismgenerators:solar_panel":80},"minecraft:picked_up":{"mekanism:ultimate_energy_cube":4,"minecraft:iron_chestplate":1,"minecraft:chainmail_boots":1,"mekanism:raw_uranium":55,"minecraft:smithing_table":1,"minecraft:lead":1,"forbidden_arcanus:xpetrified_orb":2,"minecraft:string":13,"thermal:steel_ingot":11,"mekanismgenerators:heat_generator":11,"forbidden_arcanus:polished_darkstone_stairs":6,"minecraft:beetroot":36,"minecraft:cobbled_deepslate":5595,"minecraft:gold_nugget":11,"mekanism:basic_universal_cable":86,"minecraft:spruce_planks":23,"mekanism:basic_logistical_transporter":18,"mekanism:tin_ore":2,"minecraft:deepslate_tile_stairs":28,"rechiseled:dirt_blobs":9,"mekanism:raw_tin":86,"deepresonance:resonating_ore_deepslate":1,"thermal:apatite":184,"rechiseled:cobblestone_squares_connecting":9,"minecraft:stone_sword":1,"minecraft:tropical_fish":11,"ars_nouveau:sourceberry_bush":24,"mekanism:basic_fluid_tank":2,"minecraft:blaze_rod":3,"mekanism:lead_ore":2,"minecraft:snowball":25,"minecraft:magma_block":545,"minecraft:feather":11,"create:small_deepslate_brick_stairs":12,"growthcraft_cellar:yeast_bayanus":1,"railcraft:sulfur_ore":24,"mekanism:chemical_dissolution_chamber":2,"minecraft:flint":137,"cyclic:trash":4,"cataclysm:stone_tile_slab":8,"minecraft:map":2,"create:small_deepslate_bricks":3,"rechiseled:netherrack_brick_pattern_connecting":36,"mekanism:alloy_reinforced":8,"bhc:red_heart":8,"mekanism:chemical_crystallizer":4,"minecraft:stonecutter":1,"mekanism:basic_infusing_factory":2,"mekanism:chemical_oxidizer":8,"mekanism:chemical_infuser":12,"mekanism:metallurgic_infuser":19,"rechiseled:andesite_squares_connecting":1,"rechiseled:cobblestone_pulverized_connecting":40,"cataclysm:stone_tile_wall":9,"xycraft_world:xychorium_gem_red":20,"cyclic:flower_absalon_tulip":2,"mekanism:resistive_heater":3,"minecraft:barrel":3,"xycraft_world:xychorium_gem_dark":46,"cataclysm:stone_tiles":23,"mekanism:basic_mechanical_pipe":58,"minecraft:deepslate":512,"ae2:chipped_budding_quartz":2,"mekanism:chemical_washer":1,"rechiseled:cobblestone_rotated_bricks":1,"minecraft:granite":709,"mekanism:advanced_mechanical_pipe":6,"minecraft:chainmail_helmet":5,"mekanism:advanced_energy_cube":4,"minecraft:bread":23,"minecraft:crafting_table":7,"productivebees:slimy_nest":6,"mekanism:thermal_evaporation_controller":2,"minecraft:clay_ball":170,"occultism:raw_silver":18,"mekanism:alloy_infused":14,"rechiseled:cobblestone_large_squares":4,"rechiseled:dirt_cobbled":9,"ae2:silicon_press":1,"sushigocrafting:tobiko":2,"mekanism:ultimate_thermodynamic_conductor":11,"minecraft:snow":7,"minecraft:glass_pane":3,"create:scorchia":6,"create:deepslate_zinc_ore":2,"create:cut_deepslate_brick_wall":15,"rechiseled:stone_slated":45,"minecraft:deepslate_diamond_ore":3,"minecraft:beef":23,"thermal:niter":26,"minecraft:iron_nugget":8,"minecraft:poppy":3,"minecraft:spruce_slab":3,"rechiseled:cobblestone_brick_pattern_connecting":7,"minecraft:chest":2,"minecraft:egg":3,"minecraft:copper_ore":13,"xycraft_world:copper_torch":13,"minecraft:stone":1987,"mekanism:jetpack":1,"create:small_granite_bricks":1,"mekanismtools:refined_obsidian_boots":1,"growthcraft_milk:stomach":1,"minecraft:redstone":660,"cyclic:crusher":7,"mekanism:crusher":11,"sophisticatedstorage:limited_barrel_4":3,"mekanism:osmium_compressor":2,"minecraft:hay_block":1,"mekanism:chemical_injection_chamber":2,"minecraft:gold_ingot":15,"minecraft:glow_berries":3,"botania:green_mystical_flower":2,"minecraft:white_wool":48,"mekanism:electric_pump":9,"mekanism:raw_lead":32,"rechiseled:dirt_squares":9,"mekanismgenerators:gas_burning_generator":7,"rechiseled:dirt_squares_connecting":9,"minecraft:oak_log":8,"minecraft:lily_pad":2,"rats:rat_pelt":2,"minecraft:blue_bed":2,"mekanismgenerators:electromagnetic_coil":4,"minecraft:stone_bricks":3,"rechiseled:mossy_cobblestone_beams_connecting":13,"minecraft:warped_stem":1,"minecraft:iron_ore":32,"forbidden_arcanus:darkstone":2068,"elevatorid:elevator_white":4,"cyclic:gold_lantern":6,"productivebees:sugar_cane_nest":1,"mekanism:enriched_carbon":2,"minecraft:gravel":263,"minecraft:spruce_sapling":77,"minecraft:spruce_log":274,"minecraft:crying_obsidian":2,"rechiseled:cobblestone_dented_connecting":13,"cookingforblockheads:sink":5,"minecraft:coal_ore":59,"minecraft:slime_ball":50,"mekanism:advanced_universal_cable":49,"railcraft:nickel_raw":88,"minecraft:deepslate_redstone_ore":13,"minecraft:redstone_ore":1,"minecraft:painting":1,"rechiseled:stone_chiseled_bricks_connecting":9,"minecraft:warped_roots":6,"mekanismgenerators:reactor_glass":7,"minecraft:ender_pearl":7,"minecraft:chiseled_deepslate":3,"rftoolsdim:biome_category_dimlet":2,"minecraft:wheat":37,"mekanism:electrolytic_separator":16,"mekanismgenerators:turbine_casing":2,"aether:iron_gloves":1,"mekanism:dust_sulfur":290,"minecraft:potion":1,"minecraft:raw_copper":334,"minecraft:iron_leggings":1,"minecraft:armor_stand":2,"minecraft:deepslate_tiles":201,"rftoolsbase:dimensionalshard_nether":2,"mekanism:purification_chamber":5,"minecraft:iron_pickaxe":1,"growthcraft_cellar:grape_seeds_purple":1,"mekanism:deepslate_uranium_ore":1,"thermal:spinach_seeds":1,"xycraft_world:xychorium_gem_green":34,"ae2:flawed_budding_quartz":2,"minecraft:deepslate_iron_ore":1,"minecraft:iron_boots":2,"minecraft:furnace":7,"mekanism:substrate":1,"minecraft:stick":57,"apotheosis:gem":18,"mekanism:advanced_chemical_tank":3,"cataclysm:chiseled_stone_brick_pillar":1,"minecraft:torch":108,"minecraft:porkchop":3,"xycraft_world:kivi_bricks":2,"minecraft:diorite":565,"mekanismgenerators:solar_generator":3,"deepresonance:resonating_ore_stone":1,"ae2:sky_stone_block":63,"minecraft:nether_gold_ore":8,"minecraft:rotten_flesh":46,"rechiseled:cobblestone_tiles_connecting":110,"growthcraft:salt":21,"xycraft_world:kivi":453,"irons_spellbooks:arcane_debris":1,"minecraft:obsidian":38,"minecraft:cobblestone":10994,"mekanismgenerators:advanced_solar_generator":7,"minecraft:andesite":747,"occultism:silver_ore":1,"minecraft:golden_leggings":1,"minecraft:tuff":404,"create:raw_zinc":114,"rats:raw_rat":5,"ae2:damaged_budding_quartz":2,"minecraft:lapis_lazuli":336,"minecraft:dirt":1079,"minecraft:name_tag":5,"minecraft:leather_boots":2,"minecraft:bone":61,"mekanism:advanced_enriching_factory":1,"minecraft:wheat_seeds":2,"cyclic:charm_wing":1,"minecraft:raw_gold":83,"ae2:logic_processor_press":1,"minecraft:bamboo":10,"mekanism:osmium_ore":13,"mekanism:rotary_condensentrator":7,"rechiseled:cobbled_deepslate_paving_connecting":2,"minecraft:cooked_porkchop":1,"torchmaster:megatorch":1,"create:cut_deepslate_bricks":6,"rechiseled:mossy_cobblestone_inverted_dented":97,"minecraft:sand":108,"rechiseled:stone_waves":11,"thermal:blizz_rod":1,"minecraft:grass_block":492,"ae2:quartz_block":3,"minecraft:mossy_cobblestone":50,"mekanism:basic_control_circuit":3,"productivebees:spruce_wood_nest":1,"rechiseled:cobblestone_dented":4,"forbidden_arcanus:ender_pearl_fragment":15,"xycraft_world:xychorium_gem_light":14,"mekanism:digital_miner":2,"minecraft:diamond":66,"minecraft:soul_lantern":1,"minecraft:golden_apple":1,"minecraft:spruce_sign":1,"minecraft:oak_sapling":4,"minecraft:netherrack":1896,"xycraft_world:aluminum_ore_stone":1,"rechiseled:mossy_cobblestone_inverted_dented_connecting":9,"minecraft:chicken":9,"minecraft:turtle_helmet":1,"thermal:cinnabar":2,"rechiseled:stone_rotated_bricks_connecting":113,"mekanism:deepslate_fluorite_ore":5,"enderio:broken_spawner":10,"cyclic:melter":2,"rechiseled:cobbled_deepslate_paving":3,"mekanism:energized_smelter":4,"minecraft:cyan_carpet":8,"minecraft:blackstone":42,"create:zinc_ore":6,"minecraft:light_gray_wool":7,"minecraft:sugar_cane":233,"bigreactors:benitoite_ore":1,"minecraft:raw_iron":200,"mekanism:basic_pressurized_tube":57,"forbidden_arcanus:bat_wing":1,"xycraft_world:smooth_kivi":53,"minecraft:bowl":3,"mekanism:basic_energy_cube":24,"mekanism:thermal_evaporation_block":45,"minecraft:arrow":17,"xycraft_world:xychorium_gem_blue":69,"minecraft:pumpkin_pie":5,"ae2:certus_quartz_dust":3,"minecraft:nether_bricks":5,"ae2:calculation_processor_press":1,"cyclic:anvil_magma":2,"minecraft:nether_brick_wall":1,"forbidden_arcanus:spawner_scrap":5,"minecraft:cracked_deepslate_tiles":2,"minecraft:leather":8,"minecraft:mushroom_stew":2,"growthcraft_cellar:yeast_lager":11,"minecraft:gunpowder":2,"minecraft:deepslate_tile_slab":49,"railcraft:nickel_ore":4,"mekanism:enrichment_chamber":15,"rftoolsbase:dimensionalshard":106,"minecraft:gray_carpet":21,"rechiseled:cobblestone_chiseled_border_connecting":10,"minecraft:iron_ingot":64,"rats:archeologist_hat":1,"minecraft:book":16,"minecraft:pumpkin":4,"xycraft_world:raw_aluminum":13,"xycraft_world:kivi_tiles":3,"minecraft:quartz":253,"minecraft:dandelion":1,"mekanism:thermal_evaporation_valve":5,"sushigocrafting:cucumber_seeds":2,"mekanism:basic_chemical_tank":5,"rechiseled:cobblestone_inverted_dented_connecting":9,"thermal:green_bean_seeds":2,"rechiseled:dirt_blobs_connecting":9,"minecraft:gold_ore":3,"mekanism:raw_osmium":44,"minecraft:spider_eye":2,"supplementaries:clock_block":1,"minecraft:chainmail_leggings":1,"mekanism:fluorite_gem":105,"rftoolsdim:common_lost_knowledge":2,"ae2:engineering_processor_press":1,"minecraft:coal":379},"minecraft:killed":{"minecraft:skeleton":15,"minecraft:chicken":9,"minecraft:tropical_fish":7,"rats:rat":5,"minecraft:zombie":44,"minecraft:cow":11,"minecraft:husk":6,"minecraft:frog":9,"minecraft:enderman":13,"minecraft:zombified_piglin":1,"minecraft:spider":10,"thermal:blizz":1,"minecraft:silverfish":43,"minecraft:pig":1,"minecraft:zombie_villager":2,"minecraft:creeper":2,"minecraft:slime":63,"minecraft:phantom":2,"minecraft:bat":2},"minecraft:used":{"mekanism:pressure_disperser":8,"enderio:fluid_conduit":1,"minecraft:chiseled_deepslate":3,"cyclic:trash":5,"minecraft:poppy":3,"mekanism:advanced_logistical_transporter":3,"minecraft:chest":21,"minecraft:stone":9,"mekanism:advanced_smelting_factory":1,"mekanism:basic_logistical_transporter":16,"mekanism:ultimate_thermodynamic_conductor":16,"mekanism:digital_miner":3,"create:small_deepslate_bricks":3,"constructionwand:iron_wand":47,"minecraft:cracked_deepslate_tiles":23,"rechiseled:cobblestone_rotated_bricks":27,"rechiseled:mossy_cobblestone_inverted_dented_connecting":51,"create:small_granite_bricks":1,"mekanismgenerators:turbine_rotor":5,"mekanism:basic_energy_cube":26,"mekanism:advanced_mechanical_pipe":18,"rechiseled:stone_slated":122,"minecraft:grass_block":47,"xycraft_world:copper_torch":155,"minecraft:rabbit_stew":1,"cyclic:melter":3,"minecraft:furnace":10,"mekanismgenerators:gas_burning_generator":8,"mekanism:advanced_injecting_factory":1,"mekanism:advanced_universal_cable":121,"rechiseled:cobblestone_inverted_dented_connecting":9,"minecraft:blackstone":1,"minecraft:wooden_pickaxe":12,"rechiseled:stone_waves_connecting":3,"rechiseled:dirt_squares":9,"mekanism:basic_infusing_factory":3,"elevatorid:elevator_white":9,"mekanism:chemical_dissolution_chamber":3,"mekanismgenerators:turbine_vent":12,"mekanismgenerators:reactor_glass":91,"xycraft_world:kivi_bricks":2,"mekanism:advanced_chemical_tank":4,"cyclic:copper_axe":165,"rechiseled:stone_waves":93,"minecraft:deepslate_tiles":631,"mekanism:advanced_energy_cube":4,"cyclic:crusher":9,"forbidden_arcanus:darkstone":2,"minecraft:cyan_carpet":3,"supplementaries:clock_block":2,"sophisticatedstorage:basic_to_iron_tier_upgrade":2,"mekanism:thermal_evaporation_controller":4,"mekanism:rotary_condensentrator":10,"mekanismgenerators:solar_generator":3,"mekanism:ultimate_energy_cube":5,"create:cut_deepslate_brick_wall":26,"cyclic:copper_pickaxe":888,"rechiseled:cobblestone_dented":115,"minecraft:stone_sword":46,"forbidden_arcanus:polished_darkstone_stairs":6,"rechiseled:cobblestone_tiles_connecting":321,"rechiseled:andesite_squares_connecting":34,"minecraft:netherrack":388,"minecraft:torch":330,"mekanism:elite_chemical_tank":3,"mekanismgenerators:fission_reactor_casing":66,"cyclic:anvil_magma":3,"mekanism:osmium_compressor":3,"railcraft:sulfur_ore":10,"rechiseled:stone_chiseled_bricks_connecting":10,"mekanism:chemical_oxidizer":9,"minecraft:iron_axe":68,"mekanismgenerators:heat_generator":15,"mekanism:purification_chamber":5,"ae2:sky_stone_block":21,"minecraft:barrel":4,"constructionwand:diamond_wand":57,"torchmaster:megatorch":3,"mininggadgets:modificationtable":1,"minecraft:cobbled_deepslate":9,"sophisticatedbackpacks:gold_backpack":49,"comforts:sleeping_bag_light_gray":1,"minecraft:warped_stem":1,"minecraft:water_bucket":2,"minecraft:nether_brick_wall":21,"rechiseled:cobblestone_tiles":8,"minecraft:mossy_cobblestone":244,"justhammers:diamond_hammer":612,"minecraft:crafting_table":14,"rechiseled:netherrack_brick_pattern_connecting":37,"xycraft_world:smooth_kivi":245,"mekanism:thermal_evaporation_valve":11,"minecraft:spruce_log":1,"justhammers:iron_hammer":2673,"cyclic:copper_sword":23,"mekanismgenerators:turbine_valve":2,"minecraft:iron_pickaxe":1255,"rechiseled:cobbled_deepslate_paving_connecting":82,"sophisticatedstorage:barrel":6,"minecraft:cobblestone":395,"minecraft:potion":1,"minecraft:cooked_porkchop":1,"mekanismgenerators:saturating_condenser":8,"mekanism:thermal_evaporation_block":117,"minecraft:dandelion":1,"mekanism:resistive_heater":4,"minecraft:iron_shovel":106,"create:scorchia":3,"mekanism:basic_fluid_tank":2,"minecraft:shield":5,"minecraft:iron_sword":330,"create:cut_deepslate_bricks":6,"rechiseled:cobblestone_brick_pattern_connecting":366,"mekanismgenerators:rotational_complex":1,"mekanism:basic_mechanical_pipe":107,"minecraft:nether_bricks":5,"minecraft:carrot":26,"minecraft:deepslate_tile_slab":75,"cataclysm:stone_tiles":214,"mekanism:basic_universal_cable":146,"minecraft:tuff":3,"mekanism:chemical_injection_chamber":2,"mekanism:advanced_crushing_factory":1,"minecraft:obsidian":34,"xycraft_world:kivi":4,"minecraft:coal_ore":40,"mekanismgenerators:electromagnetic_coil":8,"minecraft:stone_bricks":3,"minecraft:deepslate_diamond_ore":10,"rats:cooked_rat":4,"ars_nouveau:sourceberry_bush":9,"cataclysm:stone_tile_slab":101,"rechiseled:mossy_cobblestone_beams_connecting":63,"minecraft:stone_pickaxe":554,"mekanism:chemical_washer":2,"rechiseled:cobbled_deepslate_paving":3,"minecraft:blue_bed":2,"cataclysm:chiseled_stone_brick_pillar":11,"rechiseled:cobblestone_dented_connecting":94,"minecraft:mushroom_stew":3,"minecraft:deepslate_redstone_ore":5,"enderio:primitive_alloy_smelter":1,"mekanism:crusher":11,"mekanism:metallurgic_infuser":21,"minecraft:bread":66,"mekanism:basic_pressurized_tube":68,"minecraft:deepslate":11,"minecraft:gravel":3,"mekanismgenerators:advanced_solar_generator":16,"rechiseled:stone_rotated_bricks_connecting":72,"minecraft:grindstone":1,"minecraft:andesite":2,"rechiseled:dirt_cobbled":20,"mekanism:jetpack":1,"cookingforblockheads:sink":10,"create:small_deepslate_brick_stairs":12,"minecraft:trident":437,"mekanism:enrichment_chamber":15,"minecraft:flint_and_steel":4,"minecraft:cracked_deepslate_bricks":18,"minecraft:tropical_fish":11,"mekanism:configurator":134,"minecraft:redstone":13,"rechiseled:dirt_blobs_connecting":9,"minecraft:dirt":24,"mekanismgenerators:fission_reactor_port":4,"sophisticatedstorage:limited_barrel_4":25,"rechiseled:cobblestone_worn_stripes":31,"rechiseled:cobblestone_squares_connecting":10,"minecraft:deepslate_tile_stairs":139,"productivebees:slimy_nest":3,"mekanism:electrolytic_separator":19,"mekanism:pressurized_reaction_chamber":3,"mekanism:electric_pump":10,"cyclic:gold_lantern":20,"minecraft:spruce_sign":4,"minecraft:stonecutter":2,"cataclysm:stone_tile_wall":41,"ae2:sky_stone_wall":6,"mekanism:chemical_infuser":16,"mekanismgenerators:turbine_casing":71,"rechiseled:dirt_squares_connecting":18,"rechiseled:cobblestone_large_squares":2,"mekanism:basic_chemical_tank":6,"minecraft:apple":4,"xycraft_world:kivi_tiles":3,"cyclic:detector_moon":1,"rechiseled:cobblestone_chiseled_border_connecting":10,"mekanism:energized_smelter":4,"mekanism:chemical_crystallizer":5,"mekanism:advanced_purifying_factory":1,"minecraft:stone_axe":74,"mekanism:advanced_enriching_factory":3,"rechiseled:mossy_cobblestone_inverted_dented":386,"rechiseled:cobblestone_pulverized_connecting":446,"minecraft:bucket":4,"rechiseled:dirt_blobs":12,"minecraft:pumpkin_pie":22}},"DataVersion":3465}